table	kind	fen	ours	syzygy category	syzygy dtz	precise dtz	agree
KQRRvK	longest	8/8/8/4k3/8/8/RK6/QR6 w - - 0 1	win 7	win	7	7	yes
KQRRvK	longest	8/8/8/8/3k4/8/RK6/QR6 b - - 0 1	loss -8	loss	-8	-8	yes
KQRRvK	random	5k2/4R3/8/8/3K2R1/8/8/6Q1 b - - 0 1	loss -1	loss	-1	-1	yes
KQRRvK	random	R7/8/6k1/2R5/1K6/5Q2/8/8 w - - 0 1	win 3	win	3	3	yes
KQRRvK	random	3K4/8/4R2R/8/8/1Q6/8/1k6 b - - 0 1	loss -3	loss	-3	-3	yes
KRBvKR	longest	8/8/8/8/8/5r2/7B/k1K1R3 w - - 0 1	win 99	win	99	99	yes
KRBvKR	longest	8/8/8/4B1r1/5R2/8/8/k1K5 b - - 0 1	loss -100	loss	-100	-100	yes
KRBvKR	random	8/8/r2B4/R7/8/k7/8/3K4 b - - 0 1	loss -2	loss	-2	-2	yes
KRBvKR	random	2r5/8/R1K5/8/8/8/3k2B1/8 w - - 0 1	draw 0	draw	0	0	yes
KRBvKR	random	7k/5R2/8/8/4K3/r7/8/6B1 w - - 0 1	draw 0	draw	0	0	yes
KQRvKR	longest	8/6Q1/8/7k/3R4/8/8/K1r5 w - - 0 1	win 30	win	30	30	yes
KQRvKR	longest	8/6Q1/8/7k/3R4/8/2r5/K7 b - - 0 1	loss -31	loss	-31	-31	yes
KQRvKR	random	5k2/8/4K1r1/Q5R1/8/8/8/8 w - - 0 1	win 1	win	1	1	yes
KQRvKR	random	1k3K2/r7/5RQ1/8/8/8/8/8 b - - 0 1	loss -6	loss	-6	-6	yes
KQRvKR	random	8/8/1R4K1/8/8/4k3/r1Q5/8 w - - 0 1	win 1	win	1	1	yes
KRRvKR	longest	k7/5R2/8/8/1R6/8/2r5/2K5 w - - 0 1	win 49	win	49	49	yes
KRRvKR	longest	k7/5R2/8/8/1R6/8/r7/2K5 b - - 0 1	loss -50	loss	-50	-50	yes
KRRvKR	random	4R3/7r/2k5/1R6/8/8/K7/8 b - - 0 1	draw 0	draw	0	0	yes
KRRvKR	random	8/3k4/3R4/3K4/8/8/R7/6r1 b - - 0 1	loss -18	loss	-18	-18	yes
KRRvKR	random	k3r3/2R5/8/4R3/8/8/8/5K2 w - - 0 1	win 1	win	1	1	yes
KRNvKR	longest	8/8/8/8/N2K4/R7/8/2k1r3 w - - 0 1	win 65	win	65	65	yes
KRNvKR	longest	8/8/8/8/N2K4/8/8/R1k1r3 b - - 0 1	loss -64	loss	-64	-64	yes
KRNvKR	random	4R3/8/3K4/5k2/8/8/3r4/6N1 w - - 0 1	draw 0	draw	0	0	yes
KRNvKR	random	8/r7/8/5k2/8/4K1R1/8/5N2 w - - 0 1	draw 0	draw	0	0	yes
KRNvKR	random	8/8/1R5K/8/8/Nr4k1/8/8 w - - 0 1	win 1	win	1	1	yes
KRPvKR	longest	8/5r2/3R4/8/6k1/8/1P6/3K4 w - - 0 1	win 69	win	69	69	yes
KRPvKR	longest	8/5r2/3R4/8/8/6k1/1P6/3K4 b - - 0 1	loss -70	loss	-70	-70	yes
KRPvKR	random	8/1k6/8/6r1/4K3/4P3/8/R7 b - - 0 1	draw 0	draw	0	0	yes
KRPvKR	random	8/8/8/1K6/2R5/r7/1P6/1k6 w - - 0 1	win 1	win	1	1	yes
KRPvKR	random	7r/2K5/P7/6k1/8/8/8/7R b - - 0 1	draw 0	draw	0	0	yes
